{"cameraMode":{"drawMode":1,"name":"Wireframe","section":"Shading Mode"},"sceneLighting":true,"audioPlay":false,"sceneViewState":{"showFog":true,"showMaterialUpdate":false,"showSkybox":true,"showFlares":true,"showImageEffects":true,"showParticleSystems":true},"in2DMode":false,"pivot":{"x":-19.296802520751954,"y":113.05462646484375,"z":12.280879974365235},"rotation":{"x":0.07628145813941956,"y":0.10747621208429337,"z":-0.008347263559699059,"w":0.9912761449813843},"size":22.0,"orthographic":false}