{"cameraMode":{"drawMode":2,"name":"Shaded Wireframe","section":"Shading Mode"},"sceneLighting":true,"audioPlay":false,"sceneViewState":{"showFog":true,"showMaterialUpdate":false,"showSkybox":true,"showFlares":true,"showImageEffects":true,"showParticleSystems":true},"in2DMode":false,"pivot":{"x":-0.21627235412597657,"y":1.0102105140686036,"z":11.791851997375489},"rotation":{"x":-0.12065858393907547,"y":-0.5746936798095703,"z":0.08616050332784653,"w":-0.8048501014709473},"size":20.89386749267578,"orthographic":false}
